<application>
  <component name="TodoConfiguration">
    <pattern pattern="\btodo\b.*" />
    <pattern pattern="\bfixme\b.*" />
    <pattern useCustomColors="true" pattern="NOTE">
      <option name="FOREGROUND" value="dc007" />
      <option name="BACKGROUND" value="3c3f41" />
      <option name="FONT_TYPE" value="3" />
      <option name="EFFECT_COLOR" value="3c3f41" />
      <option name="ERROR_STRIPE_COLOR" value="977ab" />
      <option name="EFFECT_TYPE" value="5" />
    </pattern>
    <filter name="NOTE">
      <pattern index="2" />
    </filter>
  </component>
</application>