<application>
  <component name="Vcs.Log.App.Settings">
    <option name="COLUMN_ID_ORDER">
      <list>
        <option value="Default.Root" />
        <option value="Default.Subject" />
        <option value="Default.Author" />
        <option value="Default.Date" />
        <option value="Space.CommitStatus" />
      </list>
    </option>
  </component>
  <component name="VcsApplicationSettings">
    <option name="PATCH_STORAGE_LOCATION" value="H:/JAVA WORKSPACE FOR WORK/All Patch/BACKEND PROJECT PATCH" />
    <option name="COMMIT_FROM_LOCAL_CHANGES" value="true" />
  </component>
</application>